{"cameraMode":{"drawMode":0,"name":"Shaded","section":"Shading Mode"},"sceneLighting":true,"audioPlay":false,"sceneViewState":{"showFog":true,"showMaterialUpdate":false,"showSkybox":true,"showFlares":true,"showImageEffects":true,"showParticleSystems":true},"in2DMode":false,"pivot":{"x":1.1614704132080079,"y":0.02998042106628418,"z":-0.9779202938079834},"rotation":{"x":0.08396871387958527,"y":0.916059136390686,"z":-0.28667309880256655,"w":0.26802492141723635},"size":8.168031692504883,"orthographic":false}